"patent_id","annotation_reference","schembl_id","smiles","type","chemical_document_count","annotation_document_count","title_count","abstract_count","claims_count","description_count","chemical_corpus_count","annotation_corpus_count","molecular_weight","med_chem_alert","logp","donor_count","acceptor_count","ring_count","rotatable_bond_count","radical","fragment","connected","singleton","simple","lipinski","lead_likeness","bio_availability"
"WO-2003004498-A1","statin","SCHEMBL2471","CCC(C)(C)C(=O)O[C@H]1C[C@@H](C)C=C2C=C[C@H](C)[C@H](CC[C@@H]3C[C@@H](O)CC(=O)O3)[C@@H]12","TEXT","7","4","0","0","4","0","233021","45133","418.5660095214844","0","4.458199977874756","1","3","3","7","0","0","1","0","0","1","0","1"
"WO-2003004498-A1","lovastatin","SCHEMBL3136","CC[C@H](C)C(=O)O[C@H]1C[C@@H](C)C=C2C=C[C@H](C)[C@H](CC[C@@H]3C[C@@H](O)CC(=O)O3)[C@@H]12","TEXT","3","3","0","0","2","1","115900","32964","404.5400085449219","0","3.9021899700164795","1","3","3","7","0","0","1","0","0","1","1","1"
"WO-2003004498-A1","lovastatin","SCHEMBL3137","CC[C@H](C)C(=O)O[C@H]1C[C@@H](C)C=C2C=C[C@H](C)[C@H](CC[C@H]3C[C@@H](O)CC(=O)O3)[C@@H]12","TEXT","3","3","0","0","2","1","107405","32964","404.5400085449219","0","3.9021899700164795","1","3","3","7","0","0","1","0","0","1","1","1"
"WO-2003004498-A1","simvastatin","SCHEMBL2471","CCC(C)(C)C(=O)O[C@H]1C[C@@H](C)C=C2C=C[C@H](C)[C@H](CC[C@@H]3C[C@@H](O)CC(=O)O3)[C@@H]12","TEXT","7","3","0","0","2","1","233021","41905","418.5660095214844","0","4.458199977874756","1","3","3","7","0","0","1","0","0","1","0","1"
"WO-2003004498-A1","simvastatin","SCHEMBL2472","CCC(C)(C)C(=O)O[C@@H]1C[C@H](C)C=C2C=C[C@@H](C)[C@@H](CC[C@@H]3C[C@H](O)CC(=O)O3)[C@H]12","TEXT","3","3","0","0","2","1","120558","41905","418.5660095214844","0","4.458199977874756","1","3","3","7","0","0","1","0","0","1","0","1"
"WO-2003004498-A1","pravastatin","SCHEMBL1117","CC[C@H](C)C(=O)O[C@H]1C[C@H](O)C=C2C=C[C@H](C)[C@H](CC[C@@H](O)C[C@@H](O)CC(O)=O)[C@@H]12","TEXT","3","3","0","0","2","1","116121","27502","424.52801513671875","0","1.647089958190918","4","6","2","11","0","0","1","0","0","1","0","1"
"WO-2003004498-A1","fluvastatin","SCHEMBL2846","CC(C)N1C(\C=C\[C@@H](O)C[C@@H](O)CC(O)=O)=C(C2=CC=C(F)C=C2)C2=C1C=CC=C2","TEXT","3","3","0","0","2","1","50527","20520","411.46600341796875","0","3.8259499073028564","3","4","3","8","0","0","1","0","0","1","1","1"
"WO-2003004498-A1","fluvastatin","SCHEMBL2847","CC(C)N1C(\C=C\[C@H](O)C[C@H](O)CC(=O)O)=C(C2=CC=C(F)C=C2)C2=CC=CC=C12","TEXT","3","3","0","0","2","1","58566","20520","411.46600341796875","0","3.8259499073028564","3","4","3","8","0","0","1","0","0","1","1","1"
"WO-2003004498-A1","fluvastatin","SCHEMBL2848","CC(C)N1C(\C=C\C(O)CC(O)CC(O)=O)=C(C2=CC=CC=C12)C1=CC=C(F)C=C1","TEXT","3","3","0","0","2","1","50378","20520","411.46600341796875","0","3.8259499073028564","3","4","3","8","0","0","1","0","0","1","1","1"
"WO-2003004498-A1","fluvastatin","SCHEMBL2849","CC(C)N1C(C=C[C@H](O)C[C@H](O)CC(O)=O)=C(C2=C1C=CC=C2)C1=CC=C(F)C=C1","TEXT","3","3","0","0","2","1","50237","20520","411.46600341796875","0","3.8259499073028564","3","4","3","8","0","0","0","0","0","1","1","1"
"WO-2003004498-A1","atorvastatin","SCHEMBL3831","CC(C)C1=C(C(=O)NC2=CC=CC=C2)C(=C(N1CC[C@@H](O)C[C@@H](O)CC(O)=O)C1=CC=C(F)C=C1)C1=CC=CC=C1","TEXT","3","3","0","0","2","1","119246","44012","558.6400146484375","0","5.387149810791016","4","5","4","12","0","0","1","0","0","0","0","0"
"WO-2003004498-A1","rivastatin","SCHEMBL16346","COCC1=C(C2=CC=C(F)C=C2)C(\C=C\[C@@H](O)C[C@@H](O)CC(=O)O)=C(C(C)C)N=C1C(C)C","TEXT","3","3","0","0","2","1","36210","3014","459.54998779296875","0","2.668149948120117","3","6","2","11","0","0","1","0","0","1","0","1"
"WO-2003004498-A1","rivastatin","SCHEMBL41887","[Na+].COCC1=C(C2=CC=C(F)C=C2)C(\C=C\[C@@H](O)C[C@@H](O)CC(=O)[O-])=C(C(C)C)N=C1C(C)C","TEXT","3","3","0","0","2","1","9929","3014","481.5320129394531","0","2.668149948120117","2","6","2","11","0","0","0","0","0","1","0","1"
"WO-2003004498-A1","rivastatin","SCHEMBL41888","[Na+].COCC1=C(C2=CC=C(F)C=C2)C(C=C[C@@H](O)C[C@@H](O)CC([O-])=O)=C(N=C1C(C)C)C(C)C","TEXT","3","3","0","0","2","1","8849","3014","481.5320129394531","0","2.668149948120117","2","6","2","11","0","0","0","0","0","1","0","1"
"WO-2003004498-A1","glipizide","SCHEMBL17094","CC1=NC=C(N=C1)C(=O)NCCC1=CC=C(C=C1)S(=O)(=O)NC(=O)NC1CCCCC1","TEXT","2","2","0","0","0","2","39033","12488","445.5350036621094","0","1.426609992980957","3","6","3","6","0","0","1","0","0","1","1","1"
"WO-2003004498-A1","meglitinide","SCHEMBL37926","COC1=C(C=C(Cl)C=C1)C(=O)NCCC1=CC=C(C=C1)C(O)=O","TEXT","4","4","0","0","0","4","9548","4660","333.7659912109375","0","3.1646499633789062","2","4","2","6","0","0","1","0","0","1","1","1"
"WO-2003004498-A1","troglitazone","SCHEMBL4959","CC1=C(O)C(C)=C2CCC(C)(COC3=CC=C(CC4SC(=O)NC4=O)C=C3)OC2=C1C","TEXT","2","2","0","0","0","2","47957","15396","441.5400085449219","1","5.495200157165527","2","5","4","5","0","0","1","0","0","0","0","1"
"WO-2003004498-A1","pioglitazone","SCHEMBL4121","CCC1=CN=C(CCOC2=CC=C(CC3SC(=O)NC3=O)C=C2)C=C1","TEXT","1","1","0","0","0","1","57701","25216","356.4389953613281","1","3.328249931335449","1","4","3","7","0","0","1","0","0","1","1","1"
"WO-2003004498-A1","englitazone","SCHEMBL37697","O=C1NC(=O)C(CC2=CC=C3OC(CC4=CC=CC=C4)CCC3=C2)S1","TEXT","1","1","0","0","0","1","7457","3168","353.43499755859375","1","4.347010135650635","1","3","4","4","0","0","1","0","0","1","0","1"
"WO-2003004498-A1","rosiglitazone","SCHEMBL5169","CN(CCOC1=CC=C(CC2SC(=O)NC2=O)C=C1)C1=CC=CC=N1","TEXT","1","1","0","0","0","1","65930","26923","357.427001953125","1","2.44635009765625","1","5","3","7","0","0","1","0","0","1","1","1"
"WO-2003004498-A1","fenofibric acid","SCHEMBL16377","CC(C)(OC1=CC=C(C=C1)C(=O)C1=CC=C(Cl)C=C1)C(O)=O","TEXT","2","2","0","0","0","2","13662","5819","318.75201416015625","0","4.358489990234375","1","4","2","5","0","0","1","0","0","1","1","1"
"WO-2003004498-A1","fenofibrate","SCHEMBL4670","CC(C)OC(=O)C(C)(C)OC1=CC=C(C=C1)C(=O)C1=CC=C(Cl)C=C1","TEXT","2","2","0","0","0","2","90502","27965","360.83099365234375","0","5.277760028839111","0","3","2","7","0","0","1","0","0","0","0","1"
"WO-2003004498-A1","bezafibrate","SCHEMBL16299","CC(C)(OC1=CC=C(CCNC(=O)C2=CC=C(Cl)C=C2)C=C1)C(O)=O","TEXT","2","2","0","0","0","2","15466","6080","361.8190002441406","0","3.9865798950195312","2","4","2","7","0","0","1","0","0","1","1","1"
"WO-2003004498-A1","rosuvastatin","SCHEMBL2520","CC(C)C1=NC(=NC(C2=CC=C(F)C=C2)=C1\C=C\[C@@H](O)C[C@@H](O)CC(=O)O)N(C)S(C)(=O)=O","TEXT","1","1","0","0","0","1","39690","19321","481.5379943847656","0","1.9229600429534912","3","8","2","9","0","0","1","0","0","1","0","1"
"WO-2003004498-A1","ezetimibe","SCHEMBL2871","O[C@@H](CC[C@@H]1[C@H](N(C1=O)C1=CC=C(F)C=C1)C1=CC=C(O)C=C1)C1=CC=C(F)C=C1","TEXT","1","1","0","0","0","1","36990","19604","409.42498779296875","0","4.5591301918029785","2","3","4","6","0","0","1","0","0","1","0","1"
"WO-2003004498-A1","azulfidine","SCHEMBL4514","OC(=O)C1=C(O)C=CC(=C1)N=NC1=CC=C(C=C1)S(=O)(=O)NC1=CC=CC=N1","TEXT","1","1","0","0","0","1","51718","951","398.39300537109375","1","3.937429904937744","3","8","3","5","0","0","1","0","0","1","1","1"
"WO-2003004498-A1","azulfidine","SCHEMBL4515","OC(=O)C1=CC(=CC=C1O)\N=N\C1=CC=C(C=C1)S(=O)(=O)NC1=CC=CC=N1","TEXT","1","1","0","0","0","1","48016","951","398.39300537109375","1","3.937429904937744","3","8","3","5","0","0","1","0","0","1","1","1"
"WO-2003004498-A1","polyoxyethylene sorbitol monooleate","SCHEMBL30905","CCCCCCCC\C=C/CCCCCCCC(=O)O[C@H]([C@@H](O)[C@H](O)[C@H](O)CO)C1OCCO1","TEXT","1","1","0","0","0","1","14303","5653","488.6549987792969","0","4.46875","4","7","1","22","0","0","1","0","0","1","0","1"
"WO-2003004498-A1","sorbitan monooleate","SCHEMBL4504","CCCCCCCC\C=C/CCCCCCCC(=O)OC[C@@H](O)[C@H]1OC[C@H](O)[C@H]1O","TEXT","1","1","0","0","0","1","77038","23927","428.6029968261719","0","4.879950046539307","3","5","1","19","0","0","1","0","0","1","0","1"
"WO-2003004498-A1","sorbitan monooleate","SCHEMBL4505","CCCCCCCC\C=C/CCCCCCCC(=O)O[C@H](CO)[C@H]1OC[C@H](O)[C@H]1O","TEXT","1","1","0","0","0","1","82779","23927","428.6029968261719","0","4.879950046539307","3","5","1","19","0","0","1","0","0","1","0","1"
"WO-2003004498-A1","sorbitan monooleate","SCHEMBL4506","CCCCCCCC\C=C\CCCCCCCC(=O)OCC(O)C1OCC(O)C1O","TEXT","1","1","0","0","0","1","68970","23927","428.6029968261719","0","4.879950046539307","3","5","1","19","0","0","1","0","0","1","0","1"
"WO-2003004498-A1","polyoxyethylene sorbitan monooleate","SCHEMBL11188","CCCCCCCC\C=C/CCCCCCCC(=O)O[C@@H]1[C@@H](O)CO[C@@H]1C1(CO)OCCO1","TEXT","1","1","0","0","0","1","37413","12818","470.6390075683594","1","5.804999828338623","2","6","2","19","0","0","1","0","0","0","0","0"
"WO-2003004498-A1","N-(9-fluorenylmethoxycarbonyloxy)succinimide","SCHEMBL141134","O=C(OCC1C2=C(C=CC=C2)C2=C1C=CC=C2)ON1C(=O)CCC1=O","TEXT","1","1","0","0","0","1","1951","95","337.32598876953125","1","2.9514200687408447","0","4","4","5","0","0","1","0","0","1","1","1"
"WO-2003004498-A1","(3R)-3-r(l-Dimethylethoxycarbonyl)aminol-4-(2,5-difluorophenyl)butanoic acid","SCHEMBL1509219","CC(C)(C)OC(=O)N[C@@H](CC(O)=O)CC1=CC(F)=CC=C1F","TEXT","2","1","0","0","0","1","246","1","315.31201171875","0","2.9399399757385254","2","3","1","7","0","0","1","0","0","1","1","1"
"WO-2003004498-A1","(R,S)-N-(l,l-dimethylethoxycarbonyl)-2,5-difluorophenylalanine","SCHEMBL268951","CC(C)(C)OC(=O)N[C@H](CC1=CC(F)=CC=C1F)C(O)=O","TEXT","1","1","0","0","0","1","140","1","301.2860107421875","0","2.8551199436187744","2","3","1","6","0","0","1","0","0","1","1","1"
"WO-2003004498-A1","(3R)-3-r(l-Dimethylethoxycarbonyl)aminol-4-(2.5-difluorophenyl)butanoic acid","SCHEMBL1509219","CC(C)(C)OC(=O)N[C@@H](CC(O)=O)CC1=CC(F)=CC=C1F","TEXT","2","1","0","0","0","1","246","1","315.31201171875","0","2.9399399757385254","2","3","1","7","0","0","1","0","0","1","1","1"
"WO-2003004498-A1","(R,S)-3-[(l,l-dimethylethoxycarbonyl)-amino]-l-diazo-4-(2,5-difluorophenyl)butan-2-one","SCHEMBL1509269","CC(C)(C)OC(=O)N[C@H](CC1=CC(F)=CC=C1F)C(=O)C=[N+]=[N-]","TEXT","1","1","0","0","0","1","98","1","325.3110046386719","1","1.766070008277893","1","3","1","7","0","0","1","0","0","1","1","1"
"WO-2003004498-A1","(2R,5S)-2,5-dihydro-3,6-dimethoxy-2-(2'-fluoro-4'-(trifluoromethyl)benzyl)-5-isopropylpyrazine","SCHEMBL1509257","COC1=N[C@@H](C(C)C)C(OC)=N[C@@H]1CC1=CC=C(C=C1F)C(F)(F)F","TEXT","1","1","0","0","0","1","115","18","360.34600830078125","0","4.356200218200684","0","2","2","6","0","0","1","0","0","1","0","1"
"WO-2003004498-A1","(3R)-3-r(l.l-Dimethylethoxycarbonyl)aminol-4-(2.4,5-trifluorophenyl)butanoic acid","SCHEMBL342707","CC(C)(C)OC(=O)N[C@@H](CC(O)=O)CC1=CC(F)=C(F)C=C1F","TEXT","3","1","0","0","0","1","593","1","333.3030090332031","0","3.0826399326324463","2","3","1","7","0","0","1","0","0","1","1","1"
"WO-2003004498-A1","(R)-N-(l-Dimethylethoxycarbonyl)-2,4.5-trifluorophenylalanine methyl ester","SCHEMBL1509362","COC(=O)[C@@H](CC1=C(F)C=C(F)C(F)=C1)NC(=O)OC(C)(C)C","TEXT","2","1","0","0","0","1","132","1","333.3030090332031","0","3.143709897994995","1","2","1","7","0","0","1","0","0","1","1","1"
"WO-2003004498-A1","(25,5R)-2,5-dihydro-3,6-dimethoxy-2-isopropyl-5-(2',4',5'trifluoro-benzyl)pyrazine","SCHEMBL4160591","COC1=NC(C(C)C)C(OC)=NC1CC1=CC(F)=C(F)C=C1F","TEXT","1","1","0","0","0","1","17","1","328.3290100097656","0","3.7637500762939453","0","2","2","5","0","0","1","0","0","1","1","1"
"WO-2003004498-A1","(R)-N-(l-Dimethylethoxycarbonyl)-2,4,5-trifluorophenylalanine","SCHEMBL1509372","CC(C)(C)OC(=O)N[C@H](CC1=C(F)C=C(F)C(F)=C1)C(O)=O","TEXT","2","1","0","0","0","1","135","1","319.2760009765625","0","2.9978199005126953","2","3","1","6","0","0","1","0","0","1","1","1"
"WO-2003004498-A1","(R)-N-(l,l-dimethylethoxycarbonyl)-2,4,5-trifluorophenylalanine methyl ester","SCHEMBL1509362","COC(=O)[C@@H](CC1=C(F)C=C(F)C(F)=C1)NC(=O)OC(C)(C)C","TEXT","2","1","0","0","0","1","132","1","333.3030090332031","0","3.143709897994995","1","2","1","7","0","0","1","0","0","1","1","1"
"WO-2003004498-A1","(R)-N~(l,l-dimethylethoxycarbonyl)-2,4,5-trifluorophenylalanine","SCHEMBL1509372","CC(C)(C)OC(=O)N[C@H](CC1=C(F)C=C(F)C(F)=C1)C(O)=O","TEXT","2","1","0","0","0","1","135","1","319.2760009765625","0","2.9978199005126953","2","3","1","6","0","0","1","0","0","1","1","1"
"WO-2003004498-A1","(25,5R)-2,5-dihydro-3,6-dimethoxy-2-isopropyl-5-(4'-bromo-2',5'-difluorobenzyl)pyrazine","SCHEMBL6874790","COC1=NC(C(C)C)C(OC)=NC1CC1=CC(F)=C(Br)C=C1F","TEXT","1","1","0","0","0","1","2","1","389.2349853515625","0","4.389800071716309","0","2","2","5","0","0","1","0","0","1","0","1"
"WO-2003004498-A1","(25,5R)-2,5-dihydro-3,6-dimethoxy-2-isopropyl-5-(4'-bromo-2',5'-difluorobenzyl)pyrazine","SCHEMBL6874793","COC1=N[C@H](C(C)C)C(OC)=N[C@@H]1CC1=C(F)C=C(Br)C(F)=C1","TEXT","1","1","0","0","0","1","2","1","389.2349853515625","0","4.389800071716309","0","2","2","5","0","0","1","0","0","1","0","1"
"WO-2003004498-A1","(R)-N-(l.l-Dimethylethoxycarbonyl)-4-bromo-2.5-difluorophenylalanine","SCHEMBL1509411","CC(C)(C)OC(=O)N[C@H](CC1=C(F)C=C(Br)C(F)=C1)C(O)=O","TEXT","1","1","0","0","0","1","26","1","380.1820068359375","0","3.6238698959350586","2","3","1","6","0","0","1","0","0","1","1","1"
"WO-2003004498-A1","(3R)-3-[(l,l-dimethylethoxycarbonyl)amino]-4-(3,4-difluorophenyl)butanoic acid","SCHEMBL738631","CC(C)(C)OC(=O)N[C@@H](CC(O)=O)CC1=CC=C(F)C(F)=C1","TEXT","2","2","0","0","0","2","60","1","315.31201171875","0","2.9399399757385254","2","3","1","7","0","0","1","0","0","1","1","1"
"WO-2003004498-A1","(3R)-3-[(l,l-dimethylethoxycarbonyl)amino]-4-(2,4,5-trifluorophenyl)butanoic acid","SCHEMBL342707","CC(C)(C)OC(=O)N[C@@H](CC(O)=O)CC1=CC(F)=C(F)C=C1F","TEXT","3","1","0","0","0","1","593","4","333.3030090332031","0","3.0826399326324463","2","3","1","7","0","0","1","0","0","1","1","1"
"WO-2003004498-A1","3-[(l,l-dimethylethoxycarbonyl)amino]-4-(3,4-difluorophenyl)butanoic acid","SCHEMBL738632","CC(C)(C)OC(=O)NC(CC(O)=O)CC1=CC(F)=C(F)C=C1","TEXT","1","1","0","0","0","1","3","1","315.31201171875","0","2.9399399757385254","2","3","1","7","0","0","1","0","0","1","1","1"
"WO-2003004498-A1","(3R)-3-[(l,l-dimethylethoxy-carbonyl)-amino]-4-(2,4,5-trifluorophenyl)butanoic acid","SCHEMBL342707","CC(C)(C)OC(=O)N[C@@H](CC(O)=O)CC1=CC(F)=C(F)C=C1F","TEXT","3","1","0","0","0","1","593","1","333.3030090332031","0","3.0826399326324463","2","3","1","7","0","0","1","0","0","1","1","1"
"WO-2003004498-A1","imgf000040_0001.tif","SCHEMBL1071529","N[C@@H](CC(=O)N1CCN2C=C(N=C2C1)C(F)(F)F)CC1=CC(F)=C(F)C=C1F","IMAGE","0","","","","","","30","","406.32598876953125","0","2.2259700298309326","1","3","3","5","0","0","1","0","0","1","1","1"
"WO-2003004498-A1","imgf000043_0001.tif","SCHEMBL1071184","CCC1=NN=C2CN(CCN12)C(=O)C[C@H](N)CC1=CC=C(F)C(F)=C1","IMAGE","0","","","","","","49","","349.37799072265625","0","0.6827219724655151","1","4","3","5","0","0","1","0","0","1","1","1"
"WO-2003004498-A1","imgf000059_0001.tif","SCHEMBL8364721","N[C@@H](CC(=O)N1CCN2C=NN=C2C1)CC1=CC=CC=C1F","IMAGE","0","","","","","","7","","303.3349914550781","0","-0.2835809886455536","1","4","3","4","0","0","1","0","0","1","1","1"
"WO-2003004498-A1","imgf000059_0001.tif","SCHEMBL8364641","N[C@@H](CC(=O)N1CCN2C=NN=C2C1)CC1=CC=C(F)C(F)=C1","IMAGE","0","","","","","","9","","321.32501220703125","0","-0.14087900519371033","1","4","3","4","0","0","1","0","0","1","1","1"
"WO-2003004498-A1","imgf000059_0001.tif","SCHEMBL2667453","N[C@@H](CC(=O)N1CCN2C(C1)=NN=C2C(F)(F)F)CC1=CC=C(F)C(F)=C1","IMAGE","0","","","","","","16","","389.322998046875","0","1.1145100593566895","1","4","3","5","0","0","1","0","0","1","1","1"
"WO-2003004498-A1","imgf000059_0001.tif","SCHEMBL2667448","CC1=NN=C2CN(CCN12)C(=O)C[C@H](N)CC1=CC=CC=C1F","IMAGE","0","","","","","","25","","317.3609924316406","0","-0.16051599383354187","1","4","3","4","0","0","1","0","0","1","1","1"
"WO-2003004498-A1","imgf000059_0001.tif","SCHEMBL2667452","CCC1=NN=C2CN(CCN12)C(=O)C[C@H](N)CC1=CC(F)=CC=C1F","IMAGE","0","","","","","","13","","349.37799072265625","0","0.6827219724655151","1","4","3","5","0","0","1","0","0","1","1","1"
"WO-2003004498-A1","imgf000036_0001.tif","SCHEMBL1509212","CC(C)(C)OC(=O)N[C@@H](CC(O)=O)CC1=CC(F)=C(Br)C=C1F","IMAGE","0","","","","","","32","","394.2090148925781","0","3.7086899280548096","2","3","1","7","0","0","1","0","0","1","1","1"
"WO-2003004498-A1","imgf000058_0001.tif","SCHEMBL8364727","COC1=CC=C(C=C1)C1=CN2CCN(CC2=N1)C(=O)C[C@H](N)CC1=CC=C(F)C(F)=C1","IMAGE","0","","","","","","10","","426.4590148925781","0","2.6949799060821533","1","4","4","6","0","0","1","0","0","1","1","1"
"WO-2003004498-A1","imgf000058_0001.tif","SCHEMBL8364842","N[C@@H](CC(=O)N1CCN2C=C(N=C2C1)C1=CC=C(F)C(F)=C1)CC1=CC=C(F)C(F)=C1","IMAGE","0","","","","","","8","","432.41400146484375","0","3.138050079345703","1","3","4","5","0","0","1","0","0","1","1","1"
"WO-2003004498-A1","imgf000058_0001.tif","SCHEMBL8364843","N[C@@H](CC(=O)N1CCN2C=C(N=C2C1)C1=CC=C(OC(F)(F)F)C=C1)CC1=CC=C(F)C(F)=C1","IMAGE","0","","","","","","9","","480.4309997558594","0","4.283760070800781","1","4","4","7","0","0","1","0","0","1","0","1"
"WO-2003004498-A1","imgf000058_0001.tif","SCHEMBL8364631","N[C@@H](CC(=O)N1CCN2C=C(N=C2C1)C(F)F)CC1=CC=C(F)C(F)=C1","IMAGE","0","","","","","","1","","370.3450012207031","0","1.3656200170516968","1","3","3","5","0","0","1","0","0","1","1","1"
"WO-2003004498-A1","imgf000060_0001.tif","SCHEMBL2667450","N[C@@H](CC(=O)N1CCN2C(C1)=NN=C2C(F)(F)F)CC1=CC=C(C=C1F)C(F)(F)F","IMAGE","0","","","","","","8","","439.33099365234375","0","1.849660038948059","1","4","3","6","0","0","1","0","0","1","1","1"
"WO-2003004498-A1","imgf000060_0001.tif","SCHEMBL2667451","N[C@@H](CC(=O)N1CCN2C(CC(F)(F)F)=NN=C2C1)CC1=CC(F)=CC=C1F","IMAGE","0","","","","","","12","","403.3500061035156","0","1.0471500158309937","1","4","3","6","0","0","1","0","0","1","1","1"
"WO-2003004498-A1","imgf000060_0001.tif","SCHEMBL8363512","N[C@@H](CC(=O)N1CCN2C(CC3=CC=CC=C3)=CN=C2C1)CC1=CC=CC=C1F","IMAGE","0","","","","","","14","","392.468994140625","0","2.53275990486145","1","3","4","6","0","0","1","0","0","1","1","1"
"WO-2003004498-A1","imgf000045_0001.tif","SCHEMBL725863","N[C@@H](CC(=O)N1CCN2C(C1)=NN=C2C(F)(F)F)CC1=CC(F)=CC=C1F","IMAGE","0","","","","","","86","","389.322998046875","0","1.1145100593566895","1","4","3","5","0","0","1","0","0","1","1","1"
"WO-2003004498-A1","imgf000041_0001.tif","SCHEMBL1509247","N[C@@H](CC(=O)N1CCN2C=CN=C2C1)CC1=CC=C(F)C(F)=C1","IMAGE","0","","","","","","43","","320.3370056152344","0","0.8195729851722717","1","3","3","4","0","0","1","0","0","1","1","1"
"WO-2003004498-A1","imgf000032_0001.tif","SCHEMBL1509251","CC(C)(C)OC(=O)N[C@@H](CC(O)=O)CC1=CC=C(C=C1F)C(F)(F)F","IMAGE","0","","","","","","92","","365.32000732421875","0","3.6750900745391846","2","3","1","8","0","0","1","0","0","1","1","1"
"WO-2003004498-A1","imgf000061_0001.tif","SCHEMBL8362732","N[C@@H](CC(=O)N1CCN2C=C(N=C2C1)C(F)(F)F)CC1=CC=C(F)C=C1F","IMAGE","0","","","","","","5","","388.3349914550781","0","2.0832700729370117","1","3","3","5","0","0","1","0","0","1","1","1"
"WO-2003004498-A1","imgf000061_0001.tif","SCHEMBL2662331","N[C@@H](CC(=O)N1CCN2C=C(N=C2C1)C(F)(F)F)CC1=C(F)C=C(Br)C(F)=C1","IMAGE","0","","","","","","38","","467.2309875488281","0","2.852020025253296","1","3","3","5","0","0","1","0","0","1","0","1"
"WO-2003004498-A1","imgf000061_0001.tif","SCHEMBL2662448","N[C@@H](CC(=O)N1CCN2C(C1)=NN=C2C(F)(F)F)CC1=C(F)C=C(Br)C(F)=C1","IMAGE","0","","","","","","44","","468.218994140625","0","1.883270025253296","1","4","3","5","0","0","1","0","0","1","0","1"
"WO-2003004498-A1","imgf000057_0001.tif","SCHEMBL8362738","N[C@@H](CC(=O)N1CCN2C=C(N=C2C1)C1=CC=C(F)C=C1)CC1=CC=C(F)C(F)=C1","IMAGE","0","","","","","","6","","414.4230041503906","0","2.995349884033203","1","3","4","5","0","0","1","0","0","1","1","1"
"WO-2003004498-A1","imgf000057_0001.tif","SCHEMBL8362648","N[C@@H](CC(=O)N1CCN2C=C(N=C2C1)C1=CC=CC=C1)CC1=CC=C(F)C(F)=C1","IMAGE","0","","","","","","14","","396.4330139160156","0","2.8526499271392822","1","3","4","5","0","0","1","0","0","1","1","1"
"WO-2003004498-A1","imgf000057_0001.tif","SCHEMBL8362641","CC1=CN2CCN(CC2=N1)C(=O)C[C@H](N)CC1=CC=CC=C1F","IMAGE","0","","","","","","12","","316.37298583984375","0","0.8082410097122192","1","3","3","4","0","0","1","0","0","1","1","1"
"WO-2003004498-A1","imgf000057_0001.tif","SCHEMBL8362759","CCC1=CN2CCN(CC2=N1)C(=O)C[C@H](N)CC1=CC=C(F)C(F)=C1","IMAGE","0","","","","","","9","","348.3900146484375","0","1.651479959487915","1","3","3","5","0","0","1","0","0","1","1","1"
"WO-2003004498-A1","imgf000057_0001.tif","SCHEMBL8362642","N[C@@H](CC(=O)N1CCN2C=CN=C2C1)CC1=CC=CC=C1F","IMAGE","0","","","","","","23","","302.34698486328125","0","0.6768710017204285","1","3","3","4","0","0","1","0","0","1","1","1"
"WO-2003004498-A1","imgf000057_0001.tif","SCHEMBL8362698","N[C@@H](CC(=O)N1CCN2C=C(N=C2C1)C(F)(F)F)CC1=CC=CC=C1F","IMAGE","0","","","","","","13","","370.3450012207031","0","1.9405699968338013","1","3","3","5","0","0","1","0","0","1","1","1"
"WO-2003004498-A1","imgf000055_0001.tif","SCHEMBL1072814","N[C@@H](CC(=O)N1CCN2C=C(N=C2C1)C(F)(F)F)CC1=CC=C(F)C(F)=C1","IMAGE","0","","","","","","36","","388.3349914550781","0","2.0832700729370117","1","3","3","5","0","0","1","0","0","1","1","1"
"WO-2003004498-A1","imgf000055_0001.tif","SCHEMBL1072790","N[C@@H](CC(=O)N1CCN2C=C(N=C2C1)C(F)(F)F)CC1=C(F)C=CC(F)=C1","IMAGE","0","","","","","","28","","388.3349914550781","0","2.0832700729370117","1","3","3","5","0","0","1","0","0","1","1","1"
"WO-2003004498-A1","imgf000034_0001.tif","SCHEMBL342707","CC(C)(C)OC(=O)N[C@@H](CC(O)=O)CC1=CC(F)=C(F)C=C1F","IMAGE","3","","","","","","593","","333.3030090332031","0","3.0826399326324463","2","3","1","7","0","0","1","0","0","1","1","1"
"WO-2003004498-A1","imgf000047_0001.tif","SCHEMBL17783","N[C@@H](CC(=O)N1CCN2C(C1)=NN=C2C(F)(F)F)CC1=CC(F)=C(F)C=C1F","IMAGE","0","","","","","","19620","","407.3139953613281","0","1.2572200298309326","1","4","3","5","0","0","1","0","0","1","1","1"
"WO-2003004498-A1","imgf000030_0001.tif","SCHEMBL1509219","CC(C)(C)OC(=O)N[C@@H](CC(O)=O)CC1=CC(F)=CC=C1F","IMAGE","2","","","","","","246","","315.31201171875","0","2.9399399757385254","2","3","1","7","0","0","1","0","0","1","1","1"
"WO-2003004498-A1","imgf000058_0002.tif","SCHEMBL2667530","CCC1=NN=C2CN(CCN12)C(=O)C[C@H](N)CC1=CC=CC=C1F","IMAGE","0","","","","","","17","","331.38800048828125","0","0.5400199890136719","1","4","3","5","0","0","1","0","0","1","1","1"
"WO-2003004498-A1","imgf000058_0002.tif","SCHEMBL1071184","CCC1=NN=C2CN(CCN12)C(=O)C[C@H](N)CC1=CC=C(F)C(F)=C1","IMAGE","0","","","","","","49","","349.37799072265625","0","0.6827219724655151","1","4","3","5","0","0","1","0","0","1","1","1"
"WO-2003004498-A1","imgf000060_0002.tif","SCHEMBL8364024","N[C@@H](CC(=O)N1CCN2C(C1)=NC=C2C1=CC=CC=C1)CC1=CC=CC=C1F","IMAGE","0","","","","","","15","","378.4429931640625","0","2.2441000938415527","1","3","4","5","0","0","1","0","0","1","1","1"
"WO-2003004498-A1","imgf000056_0001.tif","SCHEMBL1071529","N[C@@H](CC(=O)N1CCN2C=C(N=C2C1)C(F)(F)F)CC1=CC(F)=C(F)C=C1F","IMAGE","0","","","","","","30","","406.32598876953125","0","2.2259700298309326","1","3","3","5","0","0","1","0","0","1","1","1"
"WO-2003004498-A1","imgf000056_0001.tif","SCHEMBL1509247","N[C@@H](CC(=O)N1CCN2C=CN=C2C1)CC1=CC=C(F)C(F)=C1","IMAGE","0","","","","","","43","","320.3370056152344","0","0.8195729851722717","1","3","3","4","0","0","1","0","0","1","1","1"
"WO-2003004498-A1","imgf000056_0001.tif","SCHEMBL1071184","CCC1=NN=C2CN(CCN12)C(=O)C[C@H](N)CC1=CC=C(F)C(F)=C1","IMAGE","0","","","","","","49","","349.37799072265625","0","0.6827219724655151","1","4","3","5","0","0","1","0","0","1","1","1"
"WO-2003004498-A1","imgf000056_0001.tif","SCHEMBL725863","N[C@@H](CC(=O)N1CCN2C(C1)=NN=C2C(F)(F)F)CC1=CC(F)=CC=C1F","IMAGE","0","","","","","","86","","389.322998046875","0","1.1145100593566895","1","4","3","5","0","0","1","0","0","1","1","1"
"WO-2003004498-A1","imgf000056_0001.tif","SCHEMBL17783","N[C@@H](CC(=O)N1CCN2C(C1)=NN=C2C(F)(F)F)CC1=CC(F)=C(F)C=C1F","IMAGE","0","","","","","","19620","","407.3139953613281","0","1.2572200298309326","1","4","3","5","0","0","1","0","0","1","1","1"
